library,group,oligo_name,gene,grna_number,position,strand,sequence,pam,specificity_score,efficiency_score,oligo_ordering
Tcrlibrary,CTRL,CTRL00018,CTRL,1,,,GGTGATCCTAGTCGACTGGC,,,,TGGAAAGGACGAAACACCGGGTGATCCTAGTCGACTGGCGTTTTAGAGCTAGAAATAGCAAGTTAAAATAAGGC
Tcrlibrary,CTRL,CTRL00022,CTRL,2,,,GCTATTGTCGGCTGGATGGA,,,,TGGAAAGGACGAAACACCGGCTATTGTCGGCTGGATGGAGTTTTAGAGCTAGAAATAGCAAGTTAAAATAAGGC
Tcrlibrary,CTRL,CTRL00080,CTRL,3,,,GCGCATCAATATGCCCGCAC,,,,TGGAAAGGACGAAACACCGGCGCATCAATATGCCCGCACGTTTTAGAGCTAGAAATAGCAAGTTAAAATAAGGC
Tcrlibrary,CTRL,CTRL00087,CTRL,4,,,GAGGTCCCGCCTCCGCCCAA,,,,TGGAAAGGACGAAACACCGGAGGTCCCGCCTCCGCCCAAGTTTTAGAGCTAGAAATAGCAAGTTAAAATAAGGC
Tcrlibrary,CTRL,CTRL00096,CTRL,5,,,GGCTAACGCACGCCGAGGTG,,,,TGGAAAGGACGAAACACCGGGCTAACGCACGCCGAGGTGGTTTTAGAGCTAGAAATAGCAAGTTAAAATAAGGC
Tcrlibrary,CTRL,CTRL00196,CTRL,6,,,GGGCCTTAATAGTTCAACGC,,,,TGGAAAGGACGAAACACCGGGGCCTTAATAGTTCAACGCGTTTTAGAGCTAGAAATAGCAAGTTAAAATAAGGC
Tcrlibrary,CTRL,CTRL00275,CTRL,7,,,GCAGGACGATAGTAACGTCC,,,,TGGAAAGGACGAAACACCGGCAGGACGATAGTAACGTCCGTTTTAGAGCTAGAAATAGCAAGTTAAAATAAGGC
Tcrlibrary,CTRL,CTRL00320,CTRL,8,,,GAGAACGTGATAAGACTCGG,,,,TGGAAAGGACGAAACACCGGAGAACGTGATAAGACTCGGGTTTTAGAGCTAGAAATAGCAAGTTAAAATAAGGC
Tcrlibrary,CTRL,CTRL00405,CTRL,9,,,GGACTGACGTATACGCTTGC,,,,TGGAAAGGACGAAACACCGGGACTGACGTATACGCTTGCGTTTTAGAGCTAGAAATAGCAAGTTAAAATAAGGC
Tcrlibrary,CTRL,CTRL00484,CTRL,10,,,GTGAATACCCGTGACGGACA,,,,TGGAAAGGACGAAACACCGGTGAATACCCGTGACGGACAGTTTTAGAGCTAGAAATAGCAAGTTAAAATAAGGC
Tcrlibrary,CTRL,CTRL00493,CTRL,11,,,GGCAATCGGCACGGCAAGGT,,,,TGGAAAGGACGAAACACCGGGCAATCGGCACGGCAAGGTGTTTTAGAGCTAGAAATAGCAAGTTAAAATAAGGC
Tcrlibrary,CTRL,CTRL00545,CTRL,12,,,GGGCTGTTCTCACTCGTAGC,,,,TGGAAAGGACGAAACACCGGGGCTGTTCTCACTCGTAGCGTTTTAGAGCTAGAAATAGCAAGTTAAAATAAGGC
Tcrlibrary,CTRL,CTRL00616,CTRL,13,,,GGTTAAAGAGATTGTACGCC,,,,TGGAAAGGACGAAACACCGGGTTAAAGAGATTGTACGCCGTTTTAGAGCTAGAAATAGCAAGTTAAAATAAGGC
Tcrlibrary,CTRL,CTRL00637,CTRL,14,,,GGGTTGCACGTAGGATATTC,,,,TGGAAAGGACGAAACACCGGGGTTGCACGTAGGATATTCGTTTTAGAGCTAGAAATAGCAAGTTAAAATAAGGC
Tcrlibrary,CTRL,CTRL00640,CTRL,15,,,GCGTATTGTATCCGCCACCG,,,,TGGAAAGGACGAAACACCGGCGTATTGTATCCGCCACCGGTTTTAGAGCTAGAAATAGCAAGTTAAAATAAGGC
Tcrlibrary,CTRL,CTRL00673,CTRL,16,,,GAGTAAAGCCGATTATATCG,,,,TGGAAAGGACGAAACACCGGAGTAAAGCCGATTATATCGGTTTTAGAGCTAGAAATAGCAAGTTAAAATAAGGC
Tcrlibrary,CTRL,CTRL00688,CTRL,17,,,GACCCTGAACAACCTAGGAT,,,,TGGAAAGGACGAAACACCGGACCCTGAACAACCTAGGATGTTTTAGAGCTAGAAATAGCAAGTTAAAATAAGGC
Tcrlibrary,CTRL,CTRL00689,CTRL,18,,,GGACCGGCACCTTATTATAT,,,,TGGAAAGGACGAAACACCGGGACCGGCACCTTATTATATGTTTTAGAGCTAGAAATAGCAAGTTAAAATAAGGC
Tcrlibrary,CTRL,CTRL00696,CTRL,19,,,GAATGCTGAGTACGGTCTGT,,,,TGGAAAGGACGAAACACCGGAATGCTGAGTACGGTCTGTGTTTTAGAGCTAGAAATAGCAAGTTAAAATAAGGC
Tcrlibrary,CTRL,CTRL00698,CTRL,20,,,GGTCTATGGCCACCCGCTAC,,,,TGGAAAGGACGAAACACCGGGTCTATGGCCACCCGCTACGTTTTAGAGCTAGAAATAGCAAGTTAAAATAAGGC
Tcrlibrary,Essential,Essential_library_DHODH_1,DHODH,1,,,GTGACTCCAAAACCTCAGGA,,,,TGGAAAGGACGAAACACCGGTGACTCCAAAACCTCAGGAGTTTTAGAGCTAGAAATAGCAAGTTAAAATAAGGC
Tcrlibrary,Essential,Essential_library_DHODH_2,DHODH,2,,,GAGATGTATGCACTCACCCA,,,,TGGAAAGGACGAAACACCGGAGATGTATGCACTCACCCAGTTTTAGAGCTAGAAATAGCAAGTTAAAATAAGGC
Tcrlibrary,Essential,Essential_library_DHODH_3,DHODH,3,,,GGGGTTGGTGGTGTGAGCAG,,,,TGGAAAGGACGAAACACCGGGGGTTGGTGGTGTGAGCAGGTTTTAGAGCTAGAAATAGCAAGTTAAAATAAGGC
Tcrlibrary,Essential,Essential_library_MVD_1,MVD,1,,,GGAGTGGCAGATGGGAGAGC,,,,TGGAAAGGACGAAACACCGGGAGTGGCAGATGGGAGAGCGTTTTAGAGCTAGAAATAGCAAGTTAAAATAAGGC
Tcrlibrary,Essential,Essential_library_MVD_2,MVD,2,,,CATCAGCAAGGACTTCACCG,,,,TGGAAAGGACGAAACACCGCATCAGCAAGGACTTCACCGGTTTTAGAGCTAGAAATAGCAAGTTAAAATAAGGC
Tcrlibrary,Essential,Essential_library_MVD_3,MVD,3,,,GGAGAGTGACCTCTCAGAAG,,,,TGGAAAGGACGAAACACCGGGAGAGTGACCTCTCAGAAGGTTTTAGAGCTAGAAATAGCAAGTTAAAATAAGGC
Tcrlibrary,Essential,Essential_library_TUBB_1,TUBB,1,,,AGGTTCTAGATCCACCAGGA,,,,TGGAAAGGACGAAACACCGAGGTTCTAGATCCACCAGGAGTTTTAGAGCTAGAAATAGCAAGTTAAAATAAGGC
Tcrlibrary,Essential,Essential_library_TUBB_2,TUBB,2,,,CATTGTAGTACACAGAGATG,,,,TGGAAAGGACGAAACACCGCATTGTAGTACACAGAGATGGTTTTAGAGCTAGAAATAGCAAGTTAAAATAAGGC
Tcrlibrary,Essential,Essential_library_TUBB_3,TUBB,3,,,TCATGGTGGCTGAGACAAGG,,,,TGGAAAGGACGAAACACCGTCATGGTGGCTGAGACAAGGGTTTTAGAGCTAGAAATAGCAAGTTAAAATAAGGC
Tcrlibrary,TCR,Tcrlibrary_BACH2_1,BACH2,1,288194,1,ACGTGACTTTGATCGTGGAG,AGG,90.9,69.6,TGGAAAGGACGAAACACCGACGTGACTTTGATCGTGGAGGTTTTAGAGCTAGAAATAGCAAGTTAAAATAAGGC
Tcrlibrary,TCR,Tcrlibrary_BACH2_2,BACH2,2,345123,1,CAGCAGAGAAAACATCCGCG,AGG,84.9,81,TGGAAAGGACGAAACACCGCAGCAGAGAAAACATCCGCGGTTTTAGAGCTAGAAATAGCAAGTTAAAATAAGGC
Tcrlibrary,TCR,Tcrlibrary_BACH2_3,BACH2,3,345127,-1,CAGCACAGCGGATGACCTCG,CGG,84.4,71,TGGAAAGGACGAAACACCGCAGCACAGCGGATGACCTCGGTTTTAGAGCTAGAAATAGCAAGTTAAAATAAGGC
Tcrlibrary,TCR,Tcrlibrary_DOK2_1,DOK2,1,1365,-1,CATACAGTGAGGCGCCGAAG,CGG,94.6,69.8,TGGAAAGGACGAAACACCGCATACAGTGAGGCGCCGAAGGTTTTAGAGCTAGAAATAGCAAGTTAAAATAAGGC
Tcrlibrary,TCR,Tcrlibrary_DOK2_2,DOK2,2,1441,-1,CGGGCAGCCTCACACCGACG,AGG,89.2,62.7,TGGAAAGGACGAAACACCGCGGGCAGCCTCACACCGACGGTTTTAGAGCTAGAAATAGCAAGTTAAAATAAGGC
Tcrlibrary,TCR,Tcrlibrary_DOK2_3,DOK2,3,1397,1,TGGAGGGTCGGACTGCGCCT,TGG,87.6,51.2,TGGAAAGGACGAAACACCGTGGAGGGTCGGACTGCGCCTGTTTTAGAGCTAGAAATAGCAAGTTAAAATAAGGC
Tcrlibrary,TCR,Tcrlibrary_EGR1_1,EGR1,1,138466028,-1,GCTCGCCCGTGTCCGCCTGA,GGG,91.7,57.4,TGGAAAGGACGAAACACCGGCTCGCCCGTGTCCGCCTGAGTTTTAGAGCTAGAAATAGCAAGTTAAAATAAGGC
Tcrlibrary,TCR,Tcrlibrary_EGR1_2,EGR1,2,138466843,-1,AAGCGGCCAGTATAGGTGAT,GGG,86.7,59.9,TGGAAAGGACGAAACACCGAAGCGGCCAGTATAGGTGATGTTTTAGAGCTAGAAATAGCAAGTTAAAATAAGGC
Tcrlibrary,TCR,Tcrlibrary_EGR1_3,EGR1,3,138465821,-1,AGTGAGGAAAGGATCCGAAC,GGG,83.8,56.7,TGGAAAGGACGAAACACCGAGTGAGGAAAGGATCCGAACGTTTTAGAGCTAGAAATAGCAAGTTAAAATAAGGC
Tcrlibrary,TCR,Tcrlibrary_EGR2_1,EGR2,1,103972,1,GGAGGACCTCGCCGCCACGT,CGG,93.9,67.2,TGGAAAGGACGAAACACCGGGAGGACCTCGCCGCCACGTGTTTTAGAGCTAGAAATAGCAAGTTAAAATAAGGC
Tcrlibrary,TCR,Tcrlibrary_EGR2_2,EGR2,2,103975,-1,GGGAAAGATGGTCACCGACG,TGG,92,66.2,TGGAAAGGACGAAACACCGGGGAAAGATGGTCACCGACGGTTTTAGAGCTAGAAATAGCAAGTTAAAATAAGGC
Tcrlibrary,TCR,Tcrlibrary_EGR2_3,EGR2,3,103951,1,GTCTGACAACATCTACCCGG,TGG,90.9,75,TGGAAAGGACGAAACACCGGTCTGACAACATCTACCCGGGTTTTAGAGCTAGAAATAGCAAGTTAAAATAAGGC
Tcrlibrary,TCR,Tcrlibrary_EGR3_1,EGR3,1,1903,-1,AGGTCACGGTCTTGTTGCCG,GGG,90.8,62.2,TGGAAAGGACGAAACACCGAGGTCACGGTCTTGTTGCCGGTTTTAGAGCTAGAAATAGCAAGTTAAAATAAGGC
Tcrlibrary,TCR,Tcrlibrary_EGR3_2,EGR3,2,1987,1,ATCATTAGCCTCATGAGCGC,CGG,88.3,57.3,TGGAAAGGACGAAACACCGATCATTAGCCTCATGAGCGCGTTTTAGAGCTAGAAATAGCAAGTTAAAATAAGGC
Tcrlibrary,TCR,Tcrlibrary_EGR3_3,EGR3,3,1863,-1,GGAGTAAGAGAGTTCCGGGT,TGG,88,55.8,TGGAAAGGACGAAACACCGGGAGTAAGAGAGTTCCGGGTGTTTTAGAGCTAGAAATAGCAAGTTAAAATAAGGC
Tcrlibrary,TCR,Tcrlibrary_EGR4_1,EGR4,1,423,-1,GGACTTGACGAGGAGCGCGT,CGG,94.1,61.6,TGGAAAGGACGAAACACCGGGACTTGACGAGGAGCGCGTGTTTTAGAGCTAGAAATAGCAAGTTAAAATAAGGC
Tcrlibrary,TCR,Tcrlibrary_EGR4_2,EGR4,2,966,1,TGAACAGCTGCGGCGCAAGT,GGG,92,57.6,TGGAAAGGACGAAACACCGTGAACAGCTGCGGCGCAAGTGTTTTAGAGCTAGAAATAGCAAGTTAAAATAAGGC
Tcrlibrary,TCR,Tcrlibrary_EGR4_3,EGR4,3,400,-1,GTTCGGAAAACTCGCTAAGG,TGG,90.7,62.6,TGGAAAGGACGAAACACCGGTTCGGAAAACTCGCTAAGGGTTTTAGAGCTAGAAATAGCAAGTTAAAATAAGGC
Tcrlibrary,TCR,Tcrlibrary_ETS1_1,ETS1,1,98101,1,CAGAAACCCATGTTCGGGAC,TGG,88.5,44.1,TGGAAAGGACGAAACACCGCAGAAACCCATGTTCGGGACGTTTTAGAGCTAGAAATAGCAAGTTAAAATAAGGC
Tcrlibrary,TCR,Tcrlibrary_ETS1_2,ETS1,2,98096,-1,CATCACCCAGTCCCGAACAT,GGG,85.6,63.7,TGGAAAGGACGAAACACCGCATCACCCAGTCCCGAACATGTTTTAGAGCTAGAAATAGCAAGTTAAAATAAGGC
Tcrlibrary,TCR,Tcrlibrary_ETS1_3,ETS1,3,98076,-1,GGGTTTCTGTCCACTGCCGG,GGG,75.9,67.4,TGGAAAGGACGAAACACCGGGGTTTCTGTCCACTGCCGGGTTTTAGAGCTAGAAATAGCAAGTTAAAATAAGGC
Tcrlibrary,TCR,Tcrlibrary_FOS_1,FOS,1,75279938,-1,CAGGTCCGGACTGGTCGAGA,TGG,89.4,61,TGGAAAGGACGAAACACCGCAGGTCCGGACTGGTCGAGAGTTTTAGAGCTAGAAATAGCAAGTTAAAATAAGGC
Tcrlibrary,TCR,Tcrlibrary_FOS_2,FOS,2,75280023,-1,AGGGGGCGGGGACTCCGAAA,GGG,84.7,55.6,TGGAAAGGACGAAACACCGAGGGGGCGGGGACTCCGAAAGTTTTAGAGCTAGAAATAGCAAGTTAAAATAAGGC
Tcrlibrary,TCR,Tcrlibrary_FOS_3,FOS,3,75280080,1,GGCGTTGTGAAGACCATGAC,AGG,81.1,54.3,TGGAAAGGACGAAACACCGGGCGTTGTGAAGACCATGACGTTTTAGAGCTAGAAATAGCAAGTTAAAATAAGGC
Tcrlibrary,TCR,Tcrlibrary_GATA3_1,GATA3,1,8055762,-1,GTACTGCGCCGCGTCCATGT,AGG,96.2,60.4,TGGAAAGGACGAAACACCGGTACTGCGCCGCGTCCATGTGTTTTAGAGCTAGAAATAGCAAGTTAAAATAAGGC
Tcrlibrary,TCR,Tcrlibrary_GATA3_2,GATA3,2,8055858,1,CTACTACGGAAACTCGGTCA,GGG,93.6,64.5,TGGAAAGGACGAAACACCGCTACTACGGAAACTCGGTCAGTTTTAGAGCTAGAAATAGCAAGTTAAAATAAGGC
Tcrlibrary,TCR,Tcrlibrary_GATA3_3,GATA3,3,8058753,1,TACGTGCCCGAGTACAGCTC,CGG,93,62.5,TGGAAAGGACGAAACACCGTACGTGCCCGAGTACAGCTCGTTTTAGAGCTAGAAATAGCAAGTTAAAATAAGGC
Tcrlibrary,TCR,Tcrlibrary_JUN_1,JUN,1,1317,-1,AAGGTCCGCTCTCGGACGGG,AGG,95.5,62.7,TGGAAAGGACGAAACACCGAAGGTCCGCTCTCGGACGGGGTTTTAGAGCTAGAAATAGCAAGTTAAAATAAGGC
Tcrlibrary,TCR,Tcrlibrary_JUN_2,JUN,2,1419,-1,GGTCCGAGTTCTTGGCGCGG,AGG,92.8,67.5,TGGAAAGGACGAAACACCGGGTCCGAGTTCTTGGCGCGGGTTTTAGAGCTAGAAATAGCAAGTTAAAATAAGGC
Tcrlibrary,TCR,Tcrlibrary_JUN_3,JUN,3,1762,-1,CTGAGGTTTGCGTAGACCGG,CGG,92.7,70.9,TGGAAAGGACGAAACACCGCTGAGGTTTGCGTAGACCGGGTTTTAGAGCTAGAAATAGCAAGTTAAAATAAGGC
Tcrlibrary,TCR,Tcrlibrary_JUNB_1,JUNB,1,12792110,1,CAGTACTTTTACCCCCGCGG,GGG,98.2,67.8,TGGAAAGGACGAAACACCGCAGTACTTTTACCCCCGCGGGTTTTAGAGCTAGAAATAGCAAGTTAAAATAAGGC
Tcrlibrary,TCR,Tcrlibrary_JUNB_2,JUNB,2,12791912,-1,GCGCTTTGAGACTCCGGTAG,GGG,95.7,64.1,TGGAAAGGACGAAACACCGGCGCTTTGAGACTCCGGTAGGTTTTAGAGCTAGAAATAGCAAGTTAAAATAAGGC
Tcrlibrary,TCR,Tcrlibrary_JUNB_3,JUNB,3,12791807,-1,TAGCTGTGTATGAGTCGTCG,TGG,95.3,68.6,TGGAAAGGACGAAACACCGTAGCTGTGTATGAGTCGTCGGTTTTAGAGCTAGAAATAGCAAGTTAAAATAAGGC
Tcrlibrary,TCR,Tcrlibrary_JUND_1,JUND,1,710,-1,GTTCGCGTAGACAGGCGCTT,CGG,95.4,56.2,TGGAAAGGACGAAACACCGGTTCGCGTAGACAGGCGCTTGTTTTAGAGCTAGAAATAGCAAGTTAAAATAAGGC
Tcrlibrary,TCR,Tcrlibrary_JUND_2,JUND,2,491,-1,GAACTGTGAGCTCGTCGGCG,TGG,94.2,66.1,TGGAAAGGACGAAACACCGGAACTGTGAGCTCGTCGGCGGTTTTAGAGCTAGAAATAGCAAGTTAAAATAAGGC
Tcrlibrary,TCR,Tcrlibrary_JUND_3,JUND,3,171,1,TACGGCGATGAGGCGCTGAG,CGG,93.1,70.6,TGGAAAGGACGAAACACCGTACGGCGATGAGGCGCTGAGGTTTTAGAGCTAGAAATAGCAAGTTAAAATAAGGC
Tcrlibrary,TCR,Tcrlibrary_LAT_1,LAT,1,28986428,1,ACCGGACGCCATCTTCCCGG,CGG,87.1,66,TGGAAAGGACGAAACACCGACCGGACGCCATCTTCCCGGGTTTTAGAGCTAGAAATAGCAAGTTAAAATAAGGC
Tcrlibrary,TCR,Tcrlibrary_LAT_2,LAT,2,28985722,-1,ATCTGAGGATGTGCTGTCGT,AGG,79.1,63.6,TGGAAAGGACGAAACACCGATCTGAGGATGTGCTGTCGTGTTTTAGAGCTAGAAATAGCAAGTTAAAATAAGGC
Tcrlibrary,TCR,Tcrlibrary_LAT_3,LAT,3,28985867,-1,CGTTTGAACTGGATGCCCCT,TGG,76.2,59.7,TGGAAAGGACGAAACACCGCGTTTGAACTGGATGCCCCTGTTTTAGAGCTAGAAATAGCAAGTTAAAATAAGGC
Tcrlibrary,TCR,Tcrlibrary_LCK_1,LCK,1,32274784,1,GACCCACTGGTTACCTACGA,AGG,95.2,67.8,TGGAAAGGACGAAACACCGGACCCACTGGTTACCTACGAGTTTTAGAGCTAGAAATAGCAAGTTAAAATAAGGC
Tcrlibrary,TCR,Tcrlibrary_LCK_2,LCK,2,32274798,1,CTACGAAGGCTCCAATCCGC,CGG,92.6,61.5,TGGAAAGGACGAAACACCGCTACGAAGGCTCCAATCCGCGTTTTAGAGCTAGAAATAGCAAGTTAAAATAAGGC
Tcrlibrary,TCR,Tcrlibrary_LCK_3,LCK,3,32275033,1,AGCTATGAGCCCTCTCACGA,CGG,85,70.4,TGGAAAGGACGAAACACCGAGCTATGAGCCCTCTCACGAGTTTTAGAGCTAGAAATAGCAAGTTAAAATAAGGC
Tcrlibrary,TCR,Tcrlibrary_NFAT5_1,NFAT5,1,69647462,-1,CAATCTCGTCGTTTGACCCC,CGG,88.8,54.2,TGGAAAGGACGAAACACCGCAATCTCGTCGTTTGACCCCGTTTTAGAGCTAGAAATAGCAAGTTAAAATAAGGC
Tcrlibrary,TCR,Tcrlibrary_NFAT5_2,NFAT5,2,69647160,-1,GTTACTTACCCCCACGGCTG,AGG,86.8,59.9,TGGAAAGGACGAAACACCGGTTACTTACCCCCACGGCTGGTTTTAGAGCTAGAAATAGCAAGTTAAAATAAGGC
Tcrlibrary,TCR,Tcrlibrary_NFAT5_3,NFAT5,3,69647426,-1,TTTCGTTTTCGTGATTTACG,AGG,81.2,69,TGGAAAGGACGAAACACCGTTTCGTTTTCGTGATTTACGGTTTTAGAGCTAGAAATAGCAAGTTAAAATAAGGC
Tcrlibrary,TCR,Tcrlibrary_NFATC1_1,NFATC1,1,79433641,1,CCCGTATGAGCTTCGGATTG,AGG,96.5,62.6,TGGAAAGGACGAAACACCGCCCGTATGAGCTTCGGATTGGTTTTAGAGCTAGAAATAGCAAGTTAAAATAAGGC
Tcrlibrary,TCR,Tcrlibrary_NFATC1_2,NFATC1,2,79433707,-1,TCCTCCGGCCGACGCCTTCA,CGG,92.9,40.3,TGGAAAGGACGAAACACCGTCCTCCGGCCGACGCCTTCAGTTTTAGAGCTAGAAATAGCAAGTTAAAATAAGGC
Tcrlibrary,TCR,Tcrlibrary_NFATC1_3,NFATC1,3,79433630,-1,CCTCAATCCGAAGCTCATAC,GGG,89.2,55.6,TGGAAAGGACGAAACACCGCCTCAATCCGAAGCTCATACGTTTTAGAGCTAGAAATAGCAAGTTAAAATAAGGC
Tcrlibrary,TCR,Tcrlibrary_NFATC2_1,NFATC2,1,39529,-1,GATCCCACAAGGCGAGTCCG,TGG,95,62.7,TGGAAAGGACGAAACACCGGATCCCACAAGGCGAGTCCGGTTTTAGAGCTAGAAATAGCAAGTTAAAATAAGGC
Tcrlibrary,TCR,Tcrlibrary_NFATC2_2,NFATC2,2,39244,-1,TCGAGGTGACATTATTGGCG,AGG,89.4,59.7,TGGAAAGGACGAAACACCGTCGAGGTGACATTATTGGCGGTTTTAGAGCTAGAAATAGCAAGTTAAAATAAGGC
Tcrlibrary,TCR,Tcrlibrary_NFATC2_3,NFATC2,3,39621,-1,ACGGCCGGGTAGATGTGGCG,AGG,87.4,67.3,TGGAAAGGACGAAACACCGACGGCCGGGTAGATGTGGCGGTTTTAGAGCTAGAAATAGCAAGTTAAAATAAGGC
Tcrlibrary,TCR,Tcrlibrary_NFATC3_1,NFATC3,1,68085711,-1,GTTTGAAGTCGAGCTCGTCG,TGG,97.4,63.1,TGGAAAGGACGAAACACCGGTTTGAAGTCGAGCTCGTCGGTTTTAGAGCTAGAAATAGCAAGTTAAAATAAGGC
Tcrlibrary,TCR,Tcrlibrary_NFATC3_2,NFATC3,2,68122988,-1,TCTATTGAAGTCTCCCGGGC,TGG,90.5,56.9,TGGAAAGGACGAAACACCGTCTATTGAAGTCTCCCGGGCGTTTTAGAGCTAGAAATAGCAAGTTAAAATAAGGC
Tcrlibrary,TCR,Tcrlibrary_NFATC3_3,NFATC3,3,68122356,-1,ACTAAGAGAAGACTCCCGGT,AGG,85.9,70.4,TGGAAAGGACGAAACACCGACTAAGAGAAGACTCCCGGTGTTTTAGAGCTAGAAATAGCAAGTTAAAATAAGGC
Tcrlibrary,TCR,Tcrlibrary_NFKB1_1,NFKB1,1,102537908,1,CCATCCCATGGTGGACTACC,TGG,86.1,48.3,TGGAAAGGACGAAACACCGCCATCCCATGGTGGACTACCGTTTTAGAGCTAGAAATAGCAAGTTAAAATAAGGC
Tcrlibrary,TCR,Tcrlibrary_NFKB1_2,NFKB1,2,102567123,-1,TTACCCGACCACCATGTCCT,TGG,77,48.5,TGGAAAGGACGAAACACCGTTACCCGACCACCATGTCCTGTTTTAGAGCTAGAAATAGCAAGTTAAAATAAGGC
Tcrlibrary,TCR,Tcrlibrary_NFKB1_3,NFKB1,3,102537946,1,GAACAAGAAGTCTTACCCTC,AGG,72.7,62.1,TGGAAAGGACGAAACACCGGAACAAGAAGTCTTACCCTCGTTTTAGAGCTAGAAATAGCAAGTTAAAATAAGGC
Tcrlibrary,TCR,Tcrlibrary_NFKB2_1,NFKB2,1,102396742,1,AGAGGCTTCCGATTTCGATA,TGG,93.1,56.7,TGGAAAGGACGAAACACCGAGAGGCTTCCGATTTCGATAGTTTTAGAGCTAGAAATAGCAAGTTAAAATAAGGC
Tcrlibrary,TCR,Tcrlibrary_NFKB2_2,NFKB2,2,102396468,-1,TAGGCTGTTCCACGATCACC,AGG,90,57.5,TGGAAAGGACGAAACACCGTAGGCTGTTCCACGATCACCGTTTTAGAGCTAGAAATAGCAAGTTAAAATAAGGC
Tcrlibrary,TCR,Tcrlibrary_NFKB2_3,NFKB2,3,102396932,1,CGAGGGACCAGCCAAGATCG,AGG,86.8,72.9,TGGAAAGGACGAAACACCGCGAGGGACCAGCCAAGATCGGTTTTAGAGCTAGAAATAGCAAGTTAAAATAAGGC
Tcrlibrary,TCR,Tcrlibrary_NR4A1_1,NR4A1,1,52054829,1,TCGCCCAGCCAGACTTACGA,AGG,94.1,69.1,TGGAAAGGACGAAACACCGTCGCCCAGCCAGACTTACGAGTTTTAGAGCTAGAAATAGCAAGTTAAAATAAGGC
Tcrlibrary,TCR,Tcrlibrary_NR4A1_2,NR4A1,2,52054652,-1,CGGGGTAGCAGCCGTACACC,TGG,92.4,53.8,TGGAAAGGACGAAACACCGCGGGGTAGCAGCCGTACACCGTTTTAGAGCTAGAAATAGCAAGTTAAAATAAGGC
Tcrlibrary,TCR,Tcrlibrary_NR4A1_3,NR4A1,3,52054498,-1,TCCTGTGTAGCCGTCCATGA,AGG,85,59.7,TGGAAAGGACGAAACACCGTCCTGTGTAGCCGTCCATGAGTTTTAGAGCTAGAAATAGCAAGTTAAAATAAGGC
Tcrlibrary,TCR,Tcrlibrary_PTPN11_1,PTPN11,1,112453331,1,TGCGCACTGGTGATGACAAA,GGG,74.6,47.5,TGGAAAGGACGAAACACCGTGCGCACTGGTGATGACAAAGTTTTAGAGCTAGAAATAGCAAGTTAAAATAAGGC
Tcrlibrary,TCR,Tcrlibrary_PTPN11_2,PTPN11,2,112453371,-1,CTGACAGCGAATCATAACAT,GGG,69.7,68.5,TGGAAAGGACGAAACACCGCTGACAGCGAATCATAACATGTTTTAGAGCTAGAAATAGCAAGTTAAAATAAGGC
Tcrlibrary,TCR,Tcrlibrary_PTPN11_3,PTPN11,3,112453318,1,TTTGTTCTTTCTGTGCGCAC,TGG,65,54.8,TGGAAAGGACGAAACACCGTTTGTTCTTTCTGTGCGCACGTTTTAGAGCTAGAAATAGCAAGTTAAAATAAGGC
Tcrlibrary,TCR,Tcrlibrary_PTPN6_1,PTPN6,1,6954873,-1,CTCACGCACAAGAAACGTCC,AGG,92.3,51.6,TGGAAAGGACGAAACACCGCTCACGCACAAGAAACGTCCGTTTTAGAGCTAGAAATAGCAAGTTAAAATAAGGC
Tcrlibrary,TCR,Tcrlibrary_PTPN6_2,PTPN6,2,6951697,-1,TCACCCTGGTTCTTGCGACT,GGG,90.1,57.6,TGGAAAGGACGAAACACCGTCACCCTGGTTCTTGCGACTGTTTTAGAGCTAGAAATAGCAAGTTAAAATAAGGC
Tcrlibrary,TCR,Tcrlibrary_PTPN6_3,PTPN6,3,6952121,-1,GGTGGATGATGGTGCCGTCG,CGG,87.1,65.9,TGGAAAGGACGAAACACCGGGTGGATGATGGTGCCGTCGGTTTTAGAGCTAGAAATAGCAAGTTAAAATAAGGC
Tcrlibrary,TCR,Tcrlibrary_REL_1,REL,1,60891765,1,AAATGTGAAGGGCGATCAGC,AGG,88.3,51.5,TGGAAAGGACGAAACACCGAAATGTGAAGGGCGATCAGCGTTTTAGAGCTAGAAATAGCAAGTTAAAATAAGGC
Tcrlibrary,TCR,Tcrlibrary_REL_2,REL,2,60894480,1,CCTCATCCTCATGATTTAGT,TGG,72.3,44.8,TGGAAAGGACGAAACACCGCCTCATCCTCATGATTTAGTGTTTTAGAGCTAGAAATAGCAAGTTAAAATAAGGC
Tcrlibrary,TCR,Tcrlibrary_REL_3,REL,3,60891718,1,TAGAGATAATTGAACAACCC,AGG,68.9,60.8,TGGAAAGGACGAAACACCGTAGAGATAATTGAACAACCCGTTTTAGAGCTAGAAATAGCAAGTTAAAATAAGGC
Tcrlibrary,TCR,Tcrlibrary_RELA_1,RELA,1,1097,1,CAAGTGCGAGGGGCGCTCCG,CGG,88.1,63.7,TGGAAAGGACGAAACACCGCAAGTGCGAGGGGCGCTCCGGTTTTAGAGCTAGAAATAGCAAGTTAAAATAAGGC
Tcrlibrary,TCR,Tcrlibrary_RELA_2,RELA,2,1338,-1,TCCTTTCCTACAAGCTCGTG,GGG,85.1,58.3,TGGAAAGGACGAAACACCGTCCTTTCCTACAAGCTCGTGGTTTTAGAGCTAGAAATAGCAAGTTAAAATAAGGC
Tcrlibrary,TCR,Tcrlibrary_RELA_3,RELA,3,1032,-1,GCTCAATGATCTCCACATAG,GGG,73.4,66.2,TGGAAAGGACGAAACACCGGCTCAATGATCTCCACATAGGTTTTAGAGCTAGAAATAGCAAGTTAAAATAAGGC
Tcrlibrary,TCR,Tcrlibrary_RELB_1,RELB,1,45011954,1,GATCATCGACGAGTACATCA,AGG,90.3,70,TGGAAAGGACGAAACACCGGATCATCGACGAGTACATCAGTTTTAGAGCTAGAAATAGCAAGTTAAAATAAGGC
Tcrlibrary,TCR,Tcrlibrary_RELB_2,RELB,2,45012026,1,GCCACGCCTGGTGTCTCGCG,GGG,93.3,59.9,TGGAAAGGACGAAACACCGGCCACGCCTGGTGTCTCGCGGTTTTAGAGCTAGAAATAGCAAGTTAAAATAAGGC
Tcrlibrary,TCR,Tcrlibrary_RELB_3,RELB,3,45001640,-1,GGTCTGGCGACGCGGCGACT,CGG,94.2,55.8,TGGAAAGGACGAAACACCGGGTCTGGCGACGCGGCGACTGTTTTAGAGCTAGAAATAGCAAGTTAAAATAAGGC
Tcrlibrary,TCR,Tcrlibrary_RUNX1_1,RUNX1,1,1117645,1,ATGAGCGAGGCGTTGCCGCT,GGG,94.3,57.6,TGGAAAGGACGAAACACCGATGAGCGAGGCGTTGCCGCTGTTTTAGAGCTAGAAATAGCAAGTTAAAATAAGGC
Tcrlibrary,TCR,Tcrlibrary_RUNX1_2,RUNX1,2,1117581,-1,CGTGAAGCGGCGGCTCGTGC,TGG,94.2,45.8,TGGAAAGGACGAAACACCGCGTGAAGCGGCGGCTCGTGCGTTTTAGAGCTAGAAATAGCAAGTTAAAATAAGGC
Tcrlibrary,TCR,Tcrlibrary_RUNX1_3,RUNX1,3,1117736,-1,TCGGTGCGCACCAGCTCGCC,CGG,89.7,41.6,TGGAAAGGACGAAACACCGTCGGTGCGCACCAGCTCGCCGTTTTAGAGCTAGAAATAGCAAGTTAAAATAAGGC
Tcrlibrary,TCR,Tcrlibrary_RUNX2_1,RUNX2,1,45422867,-1,CGGTGCGGACGAGTTCGGCC,GGG,96.4,59,TGGAAAGGACGAAACACCGCGGTGCGGACGAGTTCGGCCGTTTTAGAGCTAGAAATAGCAAGTTAAAATAAGGC
Tcrlibrary,TCR,Tcrlibrary_RUNX2_2,RUNX2,2,45422836,1,GCCCCACGACAACCGCACCA,TGG,89.9,67.7,TGGAAAGGACGAAACACCGGCCCCACGACAACCGCACCAGTTTTAGAGCTAGAAATAGCAAGTTAAAATAAGGC
Tcrlibrary,TCR,Tcrlibrary_RUNX2_3,RUNX2,3,45422665,1,AATGAGCGACGTGAGCCCGG,TGG,87.7,72.8,TGGAAAGGACGAAACACCGAATGAGCGACGTGAGCCCGGGTTTTAGAGCTAGAAATAGCAAGTTAAAATAAGGC
Tcrlibrary,TCR,Tcrlibrary_ZAP70_1,ZAP70,1,97734538,-1,CATCGGCCGCGGTTTGTCTG,GGG,90.9,59,TGGAAAGGACGAAACACCGCATCGGCCGCGGTTTGTCTGGTTTTAGAGCTAGAAATAGCAAGTTAAAATAAGGC
Tcrlibrary,TCR,Tcrlibrary_ZAP70_2,ZAP70,2,97734587,-1,GCTCCTCTGGGTCGCTGTAG,GGG,85.3,57.6,TGGAAAGGACGAAACACCGGCTCCTCTGGGTCGCTGTAGGTTTTAGAGCTAGAAATAGCAAGTTAAAATAAGGC
Tcrlibrary,TCR,Tcrlibrary_ZAP70_3,ZAP70,3,97734543,1,TAACGTCCCCAGACAAACCG,CGG,85,72,TGGAAAGGACGAAACACCGTAACGTCCCCAGACAAACCGGTTTTAGAGCTAGAAATAGCAAGTTAAAATAAGGC
HEKlibrary,HEK,DNMT3B_1,DNMT3B,,,,CAGGATTGGGGGCGAGTCGG,,,,
HEKlibrary,HEK,TET2_1,TET2,,,,CAGGACTCACACGACTATTC,,,,
HEKlibrary,HEK,MBD1_1,MBD1,,,,ATAGGTGTCTGAGCGTCCAC,,,,
HEKlibrary,filler,Filler_1,,,,,GGAGACGGTTGTAAATGAGCACACAAAATACACATGCTAAAATATTATATTCTATGACCTTTATAAAATCAACCAAAATCTTCTTTTTAATAACTTTAGTATCAATAATTAGAATTTTTATGTTCCTTTTTGCAAACTTTTAATAAAAATGAGCAAAATAAAAAAACGCTAGTTTTAGTAACTCGCGTTGTTTTCTTCACCTTTAATAATAGCTACTCCACCACTTGTTCCTAAGCGGTCAGCTCCTGCTTCAATCATTTTTTGAGCATCTTCAAATGTTCTAACTCCACCAGCTGCTTTAACTAAAGCATTGTCTTTAACAACTGACTTCATTAGTTTAACATCTTCAAATGTTGCACCTGATTTTGAAAATCCTGTTGATGTTTTAACAAATTCTAATCCAGCTTCAACAGCTATTTCACAAGCTTTCATGATTTCTTCTTTTGTTAATAAACAATTTTCCATAATACATTTAACAACATGTGATCCAGCTGCTTTTTTTACAGCTTTCATGTCTTCTAAAACTAATTCATAATTTTTGTCTTTTAATGCACCAATATTTAATACCATATCAATTTCTGTTGCACCATCTTTAATTGCTTCAGAAACTTCGAATGCTTTTGTAGCTGTTGTGCATGCACCTAGAGGAAAACCTACAACATTTGTTATTCCTACATTTGTGCCTTTTAATAATTCTTTACAATAGCTTGTTCAATATGAATTAACACAAACTGTTGCAAAATCAAATTCAATTGCTTCATCACATAATTGTTTAATTTCAGCTTTCGTAGCATCTTGTTTTAATAATGTGTGATCTATATATTTGTTTAGTTTCATTTTTTCTCCTATATATTCATTTTTAATTTTAATTCTTTAATAATTTCGTCTACTTTAACTTTAGCGTTTTGAACAGATTCACCAACACCTATAAAATAAATTTTTAGTTTAGGTTCAGTTCCACTTGGGCGAACAGCAAATCATGACTTATCTTCTAAATAAAATTTTAGTAAGTCTTGTCCTGGCATATTATACATTCCATCGATGTAGTCTTCAACATTAACAACTTTAAGTCCAGCAATTTGAGTTAAGGGTGTTGCTCTCAATGATTTCATTAATGGTTCAATTTTTAATTTCTTTTCTTCTGGTTTAAAATTCAAGTTTAAAGTGAAAGTGTAATATGCACCCATTTCTTTAAATAAATCTTCTAAATAGTCTACTAATGTTTTATTTTGTTTTTTATAAAATCAAGCAGCCTCTGCTATTAATATAGAAGCTTGTATTCCATCTTTATCTCTAGCTGAGTCATCAATTACATATCCATAACTTTCTTCATAAGCAAAAACAAAATTTAATCCGTTATCTTCTTCTTTAGCAATTTCTCTACCCATTCATTTAAATCCAGTTAAAGTTTTTACAATATTAACTCCATATTTTTCATGAGCGATTCTATCACCCAAATCACTTGTTACAAAACTTGAATATAGAGCCGGATTTTTTGGAATGCTATTTAAGCGTTTTAGATTTGATAATTTTCAATCAATTAAAATTGGTCCTGTTTGATTTCCATCTAATCTTACAAAATGACCATCATGTTTTATTGCCATTCCAAATCTGTCAGCATCTGGGTCATTCATAATAATAATATCTGCATCATGTTTAATACCATATTCAAGCGGTATTTTTCATGCAGGATCAAATTCTGGATTTGGATTTACAACATTTTTAAATGTTTCATCTTCAAATGCATGCTCTTCAACCTCAATAACGTTATATCCTGATTCACGTAATATTTTTGGGGTAAATTTAGTTCCTGTTCCATTAACTGCGCTAAAAATAATTTTTAAATCTTTTTTAGCTTCTTGCTCTTTTTTGTACGTCTCT,,,,
