ID,gene,cell_type,technique,sample_name,fastq_file,FWD_primer,FWD_primer_location,REV_primer,REV_primer_location,gRNA_seq,amplicon_name,amplicon_location,amplicon_sequence,amplicon_sequence_short
1091,TET2,HEK293T,CROP-seq,CROP_1091,/home/arendeiro/scratch/dropseq_runs/crispr_validations/CROP_1091.fastq.gz,TAAGTCCATTCCTGATACCATCACC,chr4:105233983-105234007,CGAAGTTACGTCTTTCTCCATTAGC,chr4:105234294-105234318,CAGGACTCACACGACTATTC,TET2_amplicon,chr4:105233983-105234318,TAAGTCCATTCCTGATACCATCACCTCCCATTTGCCAGACAGAACCTCTGGCTACAAAGCTCCAGAATGGAAGCCCACTGCCTGAGAGAGCTCATCCAGAAGTAAATGGAGACACCAAGTGGCACTCTTTCAAAAGTTATTATGGAATACCCTGTATGAAGGGAAGCCAGAATAGTCGTGTGAGTCCTGACTTTACACAAGAAAGTAGAGGGTATTCCAAGTGTTTGCAAAATGGAGGAATAAAACGCACAGTTAGTGAACCTTCTCTCTCTGGGCTCCTTCAGATCAAGAAATTGAAACAAGACCAAAAGGCTAATGGAGAAAGACGTAACTTCG,AGACACCAAGTGGCACTCTTTCAAAAGTTATTATGGAATACCCTGTATGAAGGGAAGCCAGAATAGTCGTGTGAGTCCTGACTTTACACAAGAAAGTAGAGGGTATTCCAAGTGTTTGCAAAATGGAGGAATAAAACGCA
1168,DNMT3B,HEK293T,CROP-seq,CROP_1168,/home/arendeiro/scratch/dropseq_runs/crispr_validations/CROP_1168.fastq.gz,CAAGAGCATCACCCTAAGAATGC,chr20:32780190-32780212,GTTGTCAGAGACTCTCCCCAAAG,chr20:32780538-32780560,CAGGATTGGGGGCGAGTCGG,DNMT3B_amplicon,chr20:32780190-32780560,CAAGAGCATCACCCTAAGAATGCATCCTGGGGCCTTGGCCTGAGAACACAGAGCCCATGGCGGGGGAACACTGTCCCTCTCATGTCCCTGCTTCCCTTTCACCCCACCCATTCTGGCTTCTCCCACAGGAAAGCATGAAGGGAGACACCAGGCATCTCAATGGAGAGGAGGACGCCGGCGGGAGGGAAGACTCGATCCTCGTCAACGGGGCCTGCAGCGACCAGTCCTCCGACTCGCCCCCAATCCTGGAGGCTATCCGCACCCCGGAGATCAGAGGTGGCTGGGCAGTGGGGACTGGGGTGGTGTCAGGCGCTGACATAGTGAGCGGTCACTGCAGACAACTGGAGGCTTTGGGGAGAGTCTCTGACAAC,AGGACGCCGGCGGGAGGGAAGACTCGATCCTCGTCAACGGGGCCTGCAGCGACCAGTCCTCCGACTCGCCCCCAATCCTGGAGGCTATCCGCACCCCGGAGATCAGAGGTGGCTGGGCAGTGGGGACTGGGGTGGTGTCA
1171,MBD1,HEK293T,CROP-seq,CROP_1171,/home/arendeiro/scratch/dropseq_runs/crispr_validations/CROP_1171.fastq.gz,TTCACTGCTCTGTACGTATTCTTGA,chr18:50279653-50279677,GCACTAATGGATACCAGTGATTTGT,chr18:50280087-50280111,ATAGGTGTCTGAGCGTCCAC,MBD1_amplicon,chr18:50279653-50280111,TTCACTGCTCTGTACGTATTCTTGAATAATCACAAATGCACTGTGAGTAGTGACTTTTAAGTTACAAATAAATTTTATTAAGTAGGTGAAATTCAAACATAAAATCCGCTAATAAGGATTAACTGTATGTGCATAATTTAAACTTCATCCATAAATTTAACCACACCATTTGATTTTACCAGAATCAGGCTCTACCCCACTCCTGACTCTGCCCACTACCCACCCAGTACCTCTGGTAATAGGTGTCTGAGCGTCCACAGGTGGCCCCTGACTTGCGAAAGACTTCGCGGCGCTTCCAGCCAGGGCCCAGGGCCGGGCAGTCCAGCCAGTCCTCAGCCATGGAGGCCACAGGAAGCAGCAGTAGCCTGAAAGGGGGTGGAAGGGATGAGGGAAACTGAGGCTCTAGGAAGGGACAACACTGTGCCCCAGGCCACACAAATCACTGGTATCCATTAGTGC,CCAGAATCAGGCTCTACCCCACTCCTGACTCTGCCCACTACCCACCCAGTACCTCTGGTAATAGGTGTCTGAGCGTCCACAGGTGGCCCCTGACTTGCGAAAGACTTCGCGGCGCTTCCAGCCAGGGCCCAGGGCCGGGC
1091,TET2,HEK293T,,HEK_1091,/home/arendeiro/scratch/dropseq_runs/crispr_validations/HEK_1091.fastq.gz,TAAGTCCATTCCTGATACCATCACC,chr4:105233983-105234007,CGAAGTTACGTCTTTCTCCATTAGC,chr4:105234294-105234318,CAGGACTCACACGACTATTC,TET2_amplicon,chr4:105233983-105234318,TAAGTCCATTCCTGATACCATCACCTCCCATTTGCCAGACAGAACCTCTGGCTACAAAGCTCCAGAATGGAAGCCCACTGCCTGAGAGAGCTCATCCAGAAGTAAATGGAGACACCAAGTGGCACTCTTTCAAAAGTTATTATGGAATACCCTGTATGAAGGGAAGCCAGAATAGTCGTGTGAGTCCTGACTTTACACAAGAAAGTAGAGGGTATTCCAAGTGTTTGCAAAATGGAGGAATAAAACGCACAGTTAGTGAACCTTCTCTCTCTGGGCTCCTTCAGATCAAGAAATTGAAACAAGACCAAAAGGCTAATGGAGAAAGACGTAACTTCG,AGACACCAAGTGGCACTCTTTCAAAAGTTATTATGGAATACCCTGTATGAAGGGAAGCCAGAATAGTCGTGTGAGTCCTGACTTTACACAAGAAAGTAGAGGGTATTCCAAGTGTTTGCAAAATGGAGGAATAAAACGCA
1168,DNMT3B,HEK293T,,HEK_1168,/home/arendeiro/scratch/dropseq_runs/crispr_validations/HEK_1168.fastq.gz,CAAGAGCATCACCCTAAGAATGC,chr20:32780190-32780212,GTTGTCAGAGACTCTCCCCAAAG,chr20:32780538-32780560,CAGGATTGGGGGCGAGTCGG,DNMT3B_amplicon,chr20:32780190-32780560,CAAGAGCATCACCCTAAGAATGCATCCTGGGGCCTTGGCCTGAGAACACAGAGCCCATGGCGGGGGAACACTGTCCCTCTCATGTCCCTGCTTCCCTTTCACCCCACCCATTCTGGCTTCTCCCACAGGAAAGCATGAAGGGAGACACCAGGCATCTCAATGGAGAGGAGGACGCCGGCGGGAGGGAAGACTCGATCCTCGTCAACGGGGCCTGCAGCGACCAGTCCTCCGACTCGCCCCCAATCCTGGAGGCTATCCGCACCCCGGAGATCAGAGGTGGCTGGGCAGTGGGGACTGGGGTGGTGTCAGGCGCTGACATAGTGAGCGGTCACTGCAGACAACTGGAGGCTTTGGGGAGAGTCTCTGACAAC,AGGACGCCGGCGGGAGGGAAGACTCGATCCTCGTCAACGGGGCCTGCAGCGACCAGTCCTCCGACTCGCCCCCAATCCTGGAGGCTATCCGCACCCCGGAGATCAGAGGTGGCTGGGCAGTGGGGACTGGGGTGGTGTCA
1171,MBD1,HEK293T,,HEK_1171,/home/arendeiro/scratch/dropseq_runs/crispr_validations/HEK_1171.fastq.gz,TTCACTGCTCTGTACGTATTCTTGA,chr18:50279653-50279677,GCACTAATGGATACCAGTGATTTGT,chr18:50280087-50280111,ATAGGTGTCTGAGCGTCCAC,MBD1_amplicon,chr18:50279653-50280111,TTCACTGCTCTGTACGTATTCTTGAATAATCACAAATGCACTGTGAGTAGTGACTTTTAAGTTACAAATAAATTTTATTAAGTAGGTGAAATTCAAACATAAAATCCGCTAATAAGGATTAACTGTATGTGCATAATTTAAACTTCATCCATAAATTTAACCACACCATTTGATTTTACCAGAATCAGGCTCTACCCCACTCCTGACTCTGCCCACTACCCACCCAGTACCTCTGGTAATAGGTGTCTGAGCGTCCACAGGTGGCCCCTGACTTGCGAAAGACTTCGCGGCGCTTCCAGCCAGGGCCCAGGGCCGGGCAGTCCAGCCAGTCCTCAGCCATGGAGGCCACAGGAAGCAGCAGTAGCCTGAAAGGGGGTGGAAGGGATGAGGGAAACTGAGGCTCTAGGAAGGGACAACACTGTGCCCCAGGCCACACAAATCACTGGTATCCATTAGTGC,CCAGAATCAGGCTCTACCCCACTCCTGACTCTGCCCACTACCCACCCAGTACCTCTGGTAATAGGTGTCTGAGCGTCCACAGGTGGCCCCTGACTTGCGAAAGACTTCGCGGCGCTTCCAGCCAGGGCCCAGGGCCGGGC
1091,TET2,HEK293T,,LG_1091,/home/arendeiro/scratch/dropseq_runs/crispr_validations/LG_1091.fastq.gz,TAAGTCCATTCCTGATACCATCACC,chr4:105233983-105234007,CGAAGTTACGTCTTTCTCCATTAGC,chr4:105234294-105234318,CAGGACTCACACGACTATTC,TET2_amplicon,chr4:105233983-105234318,TAAGTCCATTCCTGATACCATCACCTCCCATTTGCCAGACAGAACCTCTGGCTACAAAGCTCCAGAATGGAAGCCCACTGCCTGAGAGAGCTCATCCAGAAGTAAATGGAGACACCAAGTGGCACTCTTTCAAAAGTTATTATGGAATACCCTGTATGAAGGGAAGCCAGAATAGTCGTGTGAGTCCTGACTTTACACAAGAAAGTAGAGGGTATTCCAAGTGTTTGCAAAATGGAGGAATAAAACGCACAGTTAGTGAACCTTCTCTCTCTGGGCTCCTTCAGATCAAGAAATTGAAACAAGACCAAAAGGCTAATGGAGAAAGACGTAACTTCG,AGACACCAAGTGGCACTCTTTCAAAAGTTATTATGGAATACCCTGTATGAAGGGAAGCCAGAATAGTCGTGTGAGTCCTGACTTTACACAAGAAAGTAGAGGGTATTCCAAGTGTTTGCAAAATGGAGGAATAAAACGCA
1168,DNMT3B,HEK293T,,LG_1168,/home/arendeiro/scratch/dropseq_runs/crispr_validations/LG_1168.fastq.gz,CAAGAGCATCACCCTAAGAATGC,chr20:32780190-32780212,GTTGTCAGAGACTCTCCCCAAAG,chr20:32780538-32780560,CAGGATTGGGGGCGAGTCGG,DNMT3B_amplicon,chr20:32780190-32780560,CAAGAGCATCACCCTAAGAATGCATCCTGGGGCCTTGGCCTGAGAACACAGAGCCCATGGCGGGGGAACACTGTCCCTCTCATGTCCCTGCTTCCCTTTCACCCCACCCATTCTGGCTTCTCCCACAGGAAAGCATGAAGGGAGACACCAGGCATCTCAATGGAGAGGAGGACGCCGGCGGGAGGGAAGACTCGATCCTCGTCAACGGGGCCTGCAGCGACCAGTCCTCCGACTCGCCCCCAATCCTGGAGGCTATCCGCACCCCGGAGATCAGAGGTGGCTGGGCAGTGGGGACTGGGGTGGTGTCAGGCGCTGACATAGTGAGCGGTCACTGCAGACAACTGGAGGCTTTGGGGAGAGTCTCTGACAAC,AGGACGCCGGCGGGAGGGAAGACTCGATCCTCGTCAACGGGGCCTGCAGCGACCAGTCCTCCGACTCGCCCCCAATCCTGGAGGCTATCCGCACCCCGGAGATCAGAGGTGGCTGGGCAGTGGGGACTGGGGTGGTGTCA
1171,MBD1,HEK293T,,LG_1171,/home/arendeiro/scratch/dropseq_runs/crispr_validations/LG_1171.fastq.gz,TTCACTGCTCTGTACGTATTCTTGA,chr18:50279653-50279677,GCACTAATGGATACCAGTGATTTGT,chr18:50280087-50280111,ATAGGTGTCTGAGCGTCCAC,MBD1_amplicon,chr18:50279653-50280111,TTCACTGCTCTGTACGTATTCTTGAATAATCACAAATGCACTGTGAGTAGTGACTTTTAAGTTACAAATAAATTTTATTAAGTAGGTGAAATTCAAACATAAAATCCGCTAATAAGGATTAACTGTATGTGCATAATTTAAACTTCATCCATAAATTTAACCACACCATTTGATTTTACCAGAATCAGGCTCTACCCCACTCCTGACTCTGCCCACTACCCACCCAGTACCTCTGGTAATAGGTGTCTGAGCGTCCACAGGTGGCCCCTGACTTGCGAAAGACTTCGCGGCGCTTCCAGCCAGGGCCCAGGGCCGGGCAGTCCAGCCAGTCCTCAGCCATGGAGGCCACAGGAAGCAGCAGTAGCCTGAAAGGGGGTGGAAGGGATGAGGGAAACTGAGGCTCTAGGAAGGGACAACACTGTGCCCCAGGCCACACAAATCACTGGTATCCATTAGTGC,CCAGAATCAGGCTCTACCCCACTCCTGACTCTGCCCACTACCCACCCAGTACCTCTGGTAATAGGTGTCTGAGCGTCCACAGGTGGCCCCTGACTTGCGAAAGACTTCGCGGCGCTTCCAGCCAGGGCCCAGGGCCGGGC
